Brand,Model
acura,integra
acura,Legend
acura,vigor
acura,rlx
acura,ILX
acura,MDX
acura,RDX
acura,TSX
acura,RSX
audi,quattro
audi,a4
audi,a6
audi,a5
audi,a7
audi,q3
audi,q5
audi,q7
audi,a8
audi,a3
bmw,3-series
bmw,5-series
bmw,6-series
bmw,4-series
bmw,xdrive
bmw,alpina
bmw,330ci
bmw,328i
bmw,330c
bmw,335i
bmw,335d
bmw,528i
bmw,535i
bmw,128i
bmw,640i
bmw,3er
bmw,5er
bmw,M5
bmw,M3
bmw,M6
bmw,bmws
bmw,bmwesque
buick,park avenue
buick,la crosse
buick,lacrosse
buick,century
buick,enclave
buick,encore
buick,regal
buick,buicks
cadillac,escalade
cadillac,srx
cadillac,xts
chevrolet,Grand Blazer
chevrolet,TrailBlazer
chevrolet,trailblazer
chevrolet,Silverado
chevrolet,Colorado
chevrolet,Corvette
chevrolet,Suburban
chevrolet,cavalier
chevrolet,Caprice
chevrolet,Captiva
chevrolet,Equinox
chevrolet,Express
chevrolet,Lacetti
chevrolet,Montana
chevrolet,Uplander
chevrolet,Orlando
chevrolet,Tornado
chevrolet,Tracker
chevrolet,Traverse
chevrolet,caprice
chevrolet,captiva
chevrolet,equinox
chevrolet,express
chevrolet,Camaro
chevrolet,Cobalt
chevrolet,Impala
chevrolet,Lumina
chevrolet,Malibu
chevrolet,Prisma
chevrolet,Tavera
chevrolet,camaro
chevrolet,cobalt
chevrolet,impala
chevrolet,lumina
chevrolet,malibu
chevrolet,tavera
chevrolet,Agile
chevrolet,Celta
chevrolet,Cruze
chevrolet,Lanos
chevrolet,Omega
chevrolet,Optra
chevrolet,Sonic
chevrolet,Spark
chevrolet,Tahoe
chevrolet,agile
chevrolet,cruze
chevrolet,sonic
chevrolet,spark
chevrolet,Aveo
chevrolet,Lova
chevrolet,N200
chevrolet,Niva
chevrolet,Onix
chevrolet,S-10
chevrolet,Sail
chevrolet,Volt
chevrolet,aveo
chevrolet,volt
chevrolet,chevy
chevrolet,malibus
chevrolet,suburban
chevrolet,corvette
chrysler,town and country
chrysler,chrysler 300
chrysler,chrysler 200
chrysler,pacifica
chrysler,cruiser
chrysler,sebring
chrysler,300M
chrysler,lx
chrysler,chryslers
dodge,challenger
dodge,intrepid
dodge,avenger
dodge,charger
dodge,durango
dodge,journey
dodge,caliber
dodge,stealth
dodge,magnum
dodge,viper
dodge,dart
dodge,ram
ford,CrownVictoria
ford,expedition
ford,supervan
ford,freestar
ford,explorer
ford,mustang
ford,ecoline
ford,Tourneo
ford,everest
ford,Fiesta
ford,Fusion
ford,Taurus
ford,galaxy
ford,escape
ford,Focus
ford,f-150
ford,c-max
ford,s-max
ford,kuga
ford,cmax
ford,f150
ford,fords
ford,fusions
ford,fusionmilan
honda,Crosstour
honda,Ridgeline
honda,Inspire
honda,Mobilio
honda,Prelude
honda,Shuttle
honda,Spirior
honda,StepWGN
honda,Crider
honda,Insight
honda,Legend
honda,Odyssey
honda,Stream
honda,Amaze
honda,Hobio
honda,N-Box
honda,N-One
honda,N-WGN
honda,Pilot
honda,Vamos
honda,Vezel
honda,Spike
honda,Acty
honda,Brio
honda,City
honda,Civic
honda,CR-V
honda,Freed
honda,Jade
honda,ZEST
honda,Aria
honda,ex-l
honda,CR-Z
honda,Jazz
honda,NSX
honda,nbox
honda,exl
honda,FCX
honda,5DR
honda,crv
honda,pilot
honda,accord
honda,hondas
honda,accords
honda,odessey
honda,crosstour
hyundai,Centennial
hyundai,Grandeur
hyundai,Veloster
hyundai,Elantra
hyundai,Genesis
hyundai,Tiburon
hyundai,Tuscani
hyundai,Dynasty
hyundai,Santamo
hyundai,Stellar
hyundai,Accent
hyundai,Lantra
hyundai,Avante
hyundai,Santro
hyundai,Sonata
hyundai,Scoupe
hyundai,Matrix
hyundai,Lavity
hyundai,Verna
hyundai,Equus
hyundai,azera
hyundai,Xcent
hyundai,Click
hyundai,Atos
hyundai,Atoz
hyundai,ix20
hyundai,Getz
hyundai,Pony
hyundai,i10
hyundai,i20
hyundai,i30
hyundai,i40
hyundai,i45
hyundai,xg
hyundai,santa
hyundai,sonatas
hyundai,hyundais
hyundai,veracruz
hyundai,Excel
infiniti,qx50
infiniti,qx60
infiniti,qx70
infiniti,fx35
infiniti,q50
infiniti,q60
infiniti,g35
infiniti,q70
infiniti,g37
infiniti,g25
infiniti,6mt
kia,cadenza
kia,sorento
kia,sedona
kia,forte
kia,koup
kia,k900
kia,kias
kia,optima
lincoln,navigator
lincoln,town car
lincoln,zephyr
lincoln,mkz
lincoln,mks
lincoln,mkx
lincoln,mkc
lincoln,mkt
mazda,AZ-Offroad
mazda,AZ-Wagon
mazda,Familia
mazda,Premacy
mazda,Biante
mazda,Carol
mazda,Scrum
mazda,Mazda2
mazda,Mazda3
mazda,Mazda5
mazda,Atenza
mazda,Mazda6
mazda,Mazda8
mazda,Bongo
mazda,Demio
mazda,Axela
mazda,RX-8
mazda,CX-7
mazda,BT-50
mazda,rx-8
mazda,MX-5
mazda,CX-5
mazda,CX-9
mazda,6i
mazda,cx9
mazda,cx5
mazda,rx8
mazda,mazdas
mazda,mazda6s
mazda,mazda6i
mercedes,mercedes-benz
mercedes,benz
mercedes,cl-class
mercedes,c-class
mercedes,e-class
mercedes,s-class
mercedes,mercedesbenz
mercury,milan
mercury,mercury
mitsubishi,galant
mitsubishi,lancer
nissan,pathfinder
nissan,frontier
nissan,sentra
nissan,altima
nissan,maxima
nissan,murano
nissan,armada
nissan,xterra
nissan,versa
nissan,rogue
nissan,titan
nissan,cube
nissan,juke
nissan,leaf
nissan,370z
nissan,altimas
nissan,nissans
nissan,quest
pontiac,Streamliner
pontiac,grand prix
pontiac,grand am
pontiac,sunfire
pontiac,Torpedo
pontiac,aztek
pontiac,Vibe
pontiac,Wave
pontiac,vibe
pontiac,gxp
pontiac,gto
pontiac,G6
pontiac,g3
pontiac,g4
pontiac,g5
pontiac,g6
pontiac,g8
saturn,aura
subaru,Outback Sport
subaru,grand wagon
subaru,Impreza XV
subaru,crosstrek
subaru,lancaster
subaru,Forester
subaru,Impreza
subaru,tribeca
subaru,liberty
subaru,Outback
subaru,gravel
subaru,Legacy
subaru,Sambar
subaru,Stella
subaru,Exiga
subaru,Pleo
subaru,BRZ
subaru,wrx
subaru,Dex
subaru,R1
subaru,R2
suzuki,Every Landy
suzuki,Cappuccino
suzuki,Mighty Boy
suzuki,geo metro
suzuki,MR Wagon
suzuki,Palette
suzuki,Wagon R
suzuki,Kizashi
suzuki,Equator
suzuki,Splash
suzuki,Ertiga
suzuki,cultus
suzuki,Esteem
suzuki,Fronte
suzuki,escudo
suzuki,Lapin
suzuki,Solio
suzuki,Swift
suzuki,Landy
suzuki,Jimny
suzuki,Aerio
suzuki,liana
suzuki,Cervo
suzuki,forsa
suzuki,Ignis
suzuki,X-90
suzuki,XL7
suzuki,SX4
suzuki,APV
toyota,camrybest
toyota,Corolla/Sprinter
toyota,Urban Cruiser
toyota,Land Cruiser
toyota,Highlander
toyota,FJ Cruiser
toyota,Hilux Surf
toyota,Fortuner
toyota,Stallion
toyota,Vanguard
toyota,4Runner
toyota,Alphard
toyota,Avensis
toyota,Century
toyota,Coaster
toyota,Comfort
toyota,Granvia
toyota,LiteAce
toyota,Scepter
toyota,Sequoia
toyota,Succeed
toyota,TownAce
toyota,ToyoAce
toyota,Venture
toyota,Allion
toyota,Aurion
toyota,Avalon
toyota,Avanza
toyota,Condor
toyota,Fiedler
toyota,Majesta
toyota,Estima
toyota,HiClass
toyota,Innova
toyota,Kijang
toyota,Kingdom
toyota,Kluger
toyota,Matrix
toyota,MiniAce
toyota,Picnic
toyota,Premio
toyota,Probox
toyota,Qualis
toyota,Ractis
toyota,Sienna
toyota,Sienta
toyota,Sparky
toyota,Tacoma
toyota,Tamaraw
toyota,Tarago
toyota,Tundra
toyota,Vienta
toyota,Auris
toyota,Belta
toyota,Camry
toyota,Carri
toyota,Rumion
toyota,Etios
toyota,Hilux
toyota,Hiace
toyota,Mark X
toyota,Passo
toyota,Porte
toyota,Prius
toyota,Sofia
toyota,Tiara
toyota,Venza
toyota,Verso
toyota,Yaris
toyota,Zelas
toyota,Aygo
toyota,Cami
toyota,Dyna
toyota,Isis
toyota,Nadia
toyota,Noah
toyota,Raum
toyota,RAV4
toyota,Reiz
toyota,Vios
toyota,Voxy
toyota,Platz
toyota,Axio
toyota,ist
toyota,Sai
toyota,Vitz
toyota,Echo
toyota,bB
toyota,iQ
toyota,Zio
toyota,camry
toyota,prius
toyota,venza
toyota,camrys
toyota,avalon
toyota,solara
toyota,corolla
toyota,toyotas
toyota,highlander
volkswagen,sportwagen
volkswagen,touraeg
volkswagen,passat
volkswagen,tiguan
volkswagen,beetle
volkswagen,rabbit
volkswagen,jetta
volkswagen,golf
volkswagen,gti
volkswagen,eos
volkswagen,volkswagen
volkswagen,vw
volkswagen,vws
volkswagen,passats
volkswagen,passat
volvo,xc60
volvo,xc70
volvo,xc90
volvo,s60
volvo,s80
volvo,v60
volvo,c70
acura,TLX
alfa romeo,Giulia
alfa romeo,Stelvio
audi,A3
audi,A4
audi,A4 allroad
audi,A5
audi,A6
audi,A6 allroad
audi,A7
audi,e-tron
audi,e-tron GT
audi,Q3
audi,Q4 e-tron
audi,Q5
audi,Q7
audi,Q8
audi,R8
audi,S5
audi,SQ5
audi,SQ5 Sportback
audi,TT
bmw,2 Series
bmw,3 Series
bmw,4 Series
bmw,5 Series
bmw,7 Series
bmw,8 Series
bmw,i4
bmw,iX
bmw,M4
bmw,M8
bmw,X1
bmw,X2
bmw,X3
bmw,X4
bmw,X5
bmw,X6
bmw,X7
bmw,Z4
buick,Enclave
buick,Encore
buick,Encore GX
buick,Envision
cadillac,CTS
cadillac,CT4
cadillac,CT5
cadillac,Escalade
cadillac,Escalade ESV
cadillac,XT4
cadillac,XT5
cadillac,XT6
chevrolet,Blazer
chevrolet,Bolt EUV
chevrolet,Bolt EV
chevrolet,Colorado Crew Cab
chevrolet,Colorado Extended Cab
chevrolet,Express 2500 Cargo
chevrolet,Silverado 1500 Double Cab
chevrolet,Silverado 1500 Limited Crew Cab
chevrolet,Silverado 2500 HD Double Cab
chevrolet,Trailblazer
chevrolet,Trax
chrysler,300
chrysler,Pacifica
chrysler,Pacifica Hybrid
dodge,Challenger
dodge,Charger
dodge,Durango
fiat,500X
ford,Bronco
ford,Bronco Sport
ford,EcoSport
ford,Edge
ford,Escape
ford,Expedition
ford,Explorer
ford,F150 Lightning
ford,F150 SuperCrew Cab
ford,F250 Super Duty Crew Cab
ford,F250 Super Duty Regular Cab
ford,F250 Super Duty Super Cab
ford,F350 Super Duty Crew Cab
ford,F450 Super Duty Crew Cab
ford,Maverick
ford,Mustang
ford,Mustang MACH-E
ford,Ranger SuperCrew
ford,Transit 250 Cargo Van
ford,Transit Connect Cargo Van
ford,Transit Connect Passenger Wagon
genesis,Electrified G80
genesis,G70
genesis,G80
genesis,G90
genesis,GV60
genesis,GV70
genesis,GV80
gmc,Acadia
gmc,Canyon Crew Cab
gmc,Canyon Extended Cab
gmc,Hummer EV
gmc,Savana 2500 Cargo
gmc,Sierra 1500 Double Cab
gmc,Sierra 1500 Limited Crew Cab
gmc,Sierra 2500 HD Crew Cab
gmc,Sierra 2500 HD Double Cab
gmc,Sierra 2500 HD Regular Cab
gmc,Terrain
gmc,Yukon
gmc,Yukon XL
honda,Accord
honda,Accord Hybrid
honda,Civic Type R
honda,CR-V Hybrid
honda,HR-V
honda,Passport
hyundai,Ioniq 5
hyundai,Ioniq Hybrid
hyundai,Ioniq Plug-in Hybrid
hyundai,Kona
hyundai,Kona Electric
hyundai,NEXO
hyundai,Palisade
hyundai,Santa Cruz
hyundai,Santa Fe
hyundai,Santa Fe Hybrid
hyundai,Santa Fe Plug-in Hybrid
hyundai,Sonata Hybrid
hyundai,Tucson
hyundai,Tucson Hybrid
hyundai,Tucson Plug-in Hybrid
hyundai,Venue
infiniti,Q50
infiniti,Q60
infiniti,QX50
infiniti,QX55
infiniti,QX60
infiniti,QX80
jaguar,E-PACE
jaguar,F-PACE
jaguar,F-TYPE
jaguar,I-PACE
jeep,Cherokee
jeep,Compass
jeep,Gladiator
jeep,Grand Cherokee
jeep,Grand Cherokee L
jeep,Grand Wagoneer
jeep,Renegade
jeep,Wagoneer
jeep,Wrangler
jeep,Wrangler Unlimited
jeep,Wrangler Unlimited 4xe
kia,Carnival
kia,EV6
kia,Forte
kia,K5
kia,Niro
kia,Niro EV
kia,Niro Plug-in Hybrid
kia,Rio
kia,Seltos
kia,Sorento
kia,Sorento Hybrid
kia,Sorento Plug-in Hybrid
kia,Soul
kia,Sportage
kia,Stinger
kia,Telluride
land rover,Defender 110
land rover,Defender 90
land rover,Discovery
land rover,Discovery Sport
land rover,Range Rover
land rover,Range Rover Evoque
land rover,Range Rover Sport
land rover,Range Rover Velar
lexus,ES
lexus,GX
lexus,IS
lexus,LC
lexus,LS
lexus,LX
lexus,NX
lexus,RC
lexus,RX
lexus,UX
lincoln,Aviator
lincoln,Corsair
lincoln,Nautilus
lincoln,Navigator
maserati,Ghibli
maserati,Levante
maserati,Quattroporte
mazda,CX-30
mazda,MAZDA3
mazda,MX-30
mazda,MX-5 Miata
mercedes,A-Class
mercedes,C-Class
mercedes,CLA
mercedes,CLS
mercedes,E-Class
mercedes,G-Class
mercedes,GLA
mercedes,GLB
mercedes,GLC
mercedes,GLC Coupe
mercedes,GLE
mercedes,GLS
mercedes,Mercedes-AMG GLE Coupe
mercedes,Mercedes-EQ EQB
mercedes,Mercedes-EQ EQS
mercedes,S-Class
mini,Clubman
mini,Convertible
mini,Countryman
mini,Hardtop 2 Door
mini,Hardtop 4 Door
mitsubishi,Eclipse Cross
mitsubishi,Mirage
mitsubishi,Outlander
mitsubishi,Outlander PHEV
mitsubishi,Outlander Sport
nissan,400Z
nissan,Altima
nissan,Ariya
nissan,Armada
nissan,Frontier Crew Cab
nissan,Frontier King Cab
nissan,GT-R
nissan,Kicks
nissan,LEAF
nissan,Maxima
nissan,Murano
nissan,Pathfinder
nissan,Rogue
nissan,Rogue Sport
nissan,Sentra
nissan,Titan King Cab
nissan,Versa
polestar,2
porsche,718 Boxster
porsche,718 Cayman
porsche,718 Spyder
porsche,911
porsche,Cayenne
porsche,Cayenne Coupe
porsche,Macan
porsche,Panamera
porsche,Taycan
porsche,Taycan Cross Turismo
ram,1500 Classic Quad Cab
ram,1500 Quad Cab
ram,2500 Crew Cab
ram,2500 Mega Cab
ram,2500 Regular Cab
ram,3500 Crew Cab
ram,ProMaster Cargo Van
rivian,R1S
rivian,R1T
subaru,Ascent
subaru,Crosstrek
subaru,WRX
tesla,Cybertruck
tesla,Model 3
tesla,Model S
tesla,Model X
tesla,Model Y
toyota,86
toyota,Avalon Hybrid
toyota,Camry Hybrid
toyota,C-HR
toyota,Corolla
toyota,Corolla Cross
toyota,Corolla Hatchback
toyota,Corolla Hybrid
toyota,GR Supra
toyota,Highlander Hybrid
toyota,Mirai
toyota,Prius Prime
toyota,RAV4 Hybrid
toyota,RAV4 Prime
toyota,Tacoma Access Cab
toyota,Tacoma Double Cab
toyota,Tundra CrewMax
volkswagen,Arteon
volkswagen,Atlas
volkswagen,Atlas Cross Sport
volkswagen,Golf GTI
volkswagen,ID.4
volkswagen,Jetta
volkswagen,Passat
volkswagen,Taos
volkswagen,Tiguan
volvo,C40 Recharge
volvo,S60
volvo,S90
volvo,V60
volvo,V90
volvo,XC40
volvo,XC40 Recharge
volvo,XC60
volvo,XC90
