Category,Keyword
performance,speed
performance,power
performance,acceleration
performance,rpm
performance,powerful
performance,engine
performance,pro
performance,old
performance,slow
performance,fast
performance,powerful
performance,horse
performance,best-selling
performance,best-seller
performance,spark
performance,slipery
performance,oil
performance,RPM
performance,revolution
performance,ice
performance,snow
performance,fuel
performance,iginite
performance,ignition
comfort,noise
comfort,room
comfort,control
comfort,seat
comfort,quiet
comfort,heater
comfort,warm
comfort,A/C
comfort,AC
comfort,small room
comfort,small car
comfort,roomy
comfort,comfortable
comfort,mud
comfort,trunk
comfort,spacious
comfort,sunproof
comfort,GPS
comfort,bluetooth
comfort,music
comfort,headrest
interior,design
interior,style
interior,radio
interior,stereo
interior,plastic
interior,metal
interior,leather
interior,seat
interior,panel
interior,fastener
safety,insurance
safety,stability
safety,belt
safety,buckle
safety,warning
safety,warn
safety,safe
safety,safety
safety,warranty
safety,ABS
safety,rust
safety,emergency
safety,damage
safety,brake
safety,disc
safety,airbag
purchase,price
purchase,tax
purchase,discount
purchase,expensive
purchase,cheap
purchase,economy
purchase,finance
purchase,financing
purchase,fleet
purchase,sale
purchase,MSRP
purchase,OTD
purchase,out-the-door
purchase,deal
purchase,luxurious
purchase,fee
purchase,economic
purchase,used
purchase,second-hand
purchase,mileage
type,sport
type,sedan
type,compact
type,sub-compact
type,manual
type,automatic
type,commuter
type,hybrid
type,electric
type,SUV
type,pickup
type,minivan
type,hatch-back
car parts,sensor
car parts,light
car parts,revving
car parts,door
car parts,oxygen
car parts,transmission
car parts,alloy
car parts,tire
car parts,wheel
car parts,bumper
car parts,compressor
car parts,door
car parts,wiper
car parts,bearing
car parts,hose
car parts,mirror
car parts,paint
car parts,battery